<!--
theme name:     Pacman +Pocket_Kiwimod
creator:		Dwayne Hurst (aka Hursty) +Edited by Kiwi (RiseAgainst88)
version         1.0
-->

<?xml version="1.0" encoding="UTF-8"?>
<theme>
   <formatVersion>4</formatVersion>

<feature supported="carousel">
   <view name="system">
      <carousel name="systemcarousel">
        <type>horizontal</type>
        <pos>0.0 0.0</pos>
        <size>1 1</size>
        <logoScale>1.025</logoScale>
         <zIndex>41</zIndex>          
        <logoSize>0.95 0.95</logoSize>
        <color>00000000</color>
        <maxLogoCount>5</maxLogoCount>
      </carousel>
      <image name="background" extra="true">
         <origin>0 0</origin>
         <pos>0 0</pos>
         <size>1 1</size>
         <zIndex>40</zIndex>                 
         <path>./_inc/images/main.png</path>
      </image>              
      <text name="systemInfo">
         <zIndex>44</zIndex>       
         <pos>0.0 0.93</pos>
         <backgroundColor>00000000</backgroundColor>
         <color>ffffff</color>
         <fontPath>./_inc/fonts/GROBOLD.ttf</fontPath>
	     <fontSize>0.03</fontSize>
         <zIndex>44</zIndex>	     
      </text>            
   </view>
</feature>

   <view name="detailed,video">
      <helpsystem name="help">
         <fontPath>./_inc/fonts/GROBOLD.ttf</fontPath>
         <fontSize>0.015</fontSize>      
         <pos>0.015 0.98</pos>      
         <textColor>ff0000</textColor>
         <iconColor>ff0000</iconColor>
      </helpsystem>
   </view> 
   <view name="basic">
      <helpsystem name="help">
         <fontPath>./_inc/fonts/GROBOLD.ttf</fontPath>
         <fontSize>0.015</fontSize>      
         <pos>0.015 0.98</pos>      
         <textColor>ff0000</textColor>
         <iconColor>ff0000</iconColor>
      </helpsystem>
   </view>    
   
   <view name="system">
      <helpsystem name="help">
         <fontPath>./_inc/fonts/GROBOLD.ttf</fontPath>
         <fontSize>0.015</fontSize>     
         <pos>0.015 0.98</pos>      
         <textColor>ff0000</textColor>
         <iconColor>ff0000</iconColor>
      </helpsystem>
   </view>   

   <view name="detailed,video">
      <textlist name="gamelist">      
         <selectorColor>1c1c1c00</selectorColor>                     
         <pos>0.005 0.024</pos>
         <size>0.29 0.95</size>
         <selectedColor>ff0000</selectedColor>
         <primaryColor>ffffff</primaryColor>
         <secondaryColor>ffffff</secondaryColor>
         <fontPath>./_inc/fonts/GROBOLD.ttf</fontPath>
         <fontSize>0.033</fontSize>
         <forceUppercase>1</forceUppercase>
         <scrollSound></scrollSound>
         <alignment>left</alignment>
         <zIndex>42</zIndex>                          
      </textlist>
   </view>
   
   <view name="basic">
      <textlist name="gamelist">      
         <selectorColor>1c1c1c00</selectorColor>                     
         <pos>0.23 0.0305</pos>
         <size>0.535 0.9</size>
         <selectedColor>ff0000</selectedColor>
         <primaryColor>ffffff</primaryColor>
         <secondaryColor>ffffff</secondaryColor>
         <fontPath>./_inc/fonts/GROBOLD.ttf</fontPath>
         <fontSize>0.033</fontSize>
         <forceUppercase>1</forceUppercase>
         <scrollSound></scrollSound>
         <alignment>center</alignment>
         <zIndex>42</zIndex>                          
      </textlist>
   </view>   
   
   <view name="basic">
      <image name="background" extra="true">
         <origin>0 0</origin>
         <pos>0 0</pos>
         <size>1 1</size>        
         <path>./_inc/images/systembasic.png</path>
      </image>                
   </view> 
     

   <view name="detailed,video">
      <image name="background" extra="true">
         <origin>0 0</origin>
         <pos>0 0</pos>
         <size>1 1</size>       
         <path>./_inc/images/systemvideo.png</path>
      </image>    
      <text name="md_lbl_rating, md_lbl_releasedate, md_lbl_developer, md_lbl_publisher, md_lbl_genre, md_lbl_lastplayed, md_lbl_playcount, md_rating, md_developer, md_publisher, md_genre, md_playcount, md_lastplayed">
         <pos>1 1</pos>
      </text>
      <text name="md_lbl_rating,md_lbl_releasedate, md_lbl_developer, md_lbl_publisher, md_lbl_genre, md_lbl_lastplayed, md_lbl_playcount,md_lbl_players,md_developer, md_publisher, md_genre, md_playcount, md_lastplayed,md_description,md_players,md_releasedate">
         <color>ffffff</color>
         <fontPath>./_inc/fonts/GROBOLD.ttf</fontPath>
         <fontSize>0.035</fontSize>
      </text>
      <text name="md_lbl_rating">
         <pos>1.38 0.57</pos>
         <size>0.0625 0.08</size>
         <zIndex>44</zIndex>         
      </text>
      <rating name="md_rating">
         <zIndex>44</zIndex>       
         <pos>1.38 1.61</pos>
         <size>0.07 0.07</size>
         <filledPath>./_inc/images/star_filled.png</filledPath>
         <unfilledPath>./_inc/images/star_empty.png</unfilledPath>
      </rating>
      <text name="md_lbl_players">
         <pos>0.6 0.9</pos>
         <size>0.2 0.035</size>
         <color>05e300</color>
         <zIndex>42</zIndex>                  
      </text>
      <text name="md_players">
         <pos>0.69 0.9</pos>
         <size>0.2 0.035</size>
         <zIndex>42</zIndex>         
      </text>
      <text name="md_lbl_releasedate">
         <pos>0.75 0.9</pos>
         <size>0.2 0.035</size>
         <color>05e300</color>
         <zIndex>42</zIndex>                  
      </text>
      <datetime name="md_releasedate">
         <pos>0.86 0.9</pos>
         <size>0.2 0.035</size>
         <zIndex>42</zIndex>         
      </datetime>
      <text name="md_lbl_genre">
         <pos>0.6 0.95</pos>
         <size>0.2 0.035</size>
         <color>05e300</color>
         <zIndex>42</zIndex>                   
      </text>
      <text name="md_genre">
         <pos>0.68 0.95</pos>
         <size>0.35 0.035</size>
         <zIndex>42</zIndex>         
      </text>         
      <text name="md_lbl_developer">
         <pos>1.38 0.485</pos>
         <size>1.12 0.035</size>
         <color>05e300</color>
         <zIndex>42</zIndex>                   
      </text>
      <text name="md_developer">
         <pos>1.38 0.515</pos>
         <size>0.12 0.035</size>
         <zIndex>42</zIndex>                  
      </text>
        </view>

   <view name="detailed">
      <image name="md_image">
         <pos>0.78 0.31</pos>
         <maxSize>0.48 0.38</maxSize>
         <zIndex>41</zIndex>         
      </image>      
   </view>

   <view name="video">   
      <video name="md_video">
         <pos>0.70 0.45</pos>
         <maxSize>0.78 0.68</maxSize>
         <delay>0.28</delay>
         <zIndex>41</zIndex>         
         <showSnapshotNoVideo>true</showSnapshotNoVideo>
         <showSnapshotDelay>true</showSnapshotDelay>
      </video>
      <image name="md_marquee">
         <pos>0.78 0.07</pos>
         <origin>0.5 0.5</origin>
         <maxSize>0.16 0.11</maxSize>
         <zIndex>42</zIndex>         
      </image>             
   </view>
   
</theme>
