<theme>
	<formatVersion>4</formatVersion>
	<include>./../theme.xml</include>

	<view name="system">
		<image name="logo">
			<path>./_inc/system.png</path>
		</image>
		</view>	
  	<view name="basic">
                <image name="systemboxart" extra="true">
                   <origin>0 0</origin>
                   <pos>0.005 0.005</pos>
                   <maxSize>0.97 0.97</maxSize>
                   <path>./_inc/system.png</path>
                   <zIndex>43</zIndex>            
                </image>
                <image name="systemboxart2" extra="true">
                   <origin>0 0</origin>
                   <pos>0.796 0.005</pos>
                   <maxSize>0.97 0.97</maxSize>
                   <path>./_inc/system.png</path>
                   <zIndex>43</zIndex>            
                </image>                
	</view>							    
</theme>
